iterations,fitness,time,fevals
0,11.0,1.96339999974e-05
10,11.0,6.5321000001e-05
20,11.0,0.000112141000002
30,11.0,0.000145745000005
40,11.0,0.000210311000004
50,11.0,0.000242783000004
60,11.0,0.000303951000006
70,11.0,0.000353036000007
80,11.0,0.000392304000009
90,11.0,0.000445165000009
100,11.0,0.000480280000005
110,11.0,0.000569389000006
120,11.0,0.000642262000007
130,11.0,0.00067322400001
140,11.0,0.000745720000012
150,11.0,0.000769885000011
160,11.0,0.000845401000014
170,11.0,0.000871454000013
180,11.0,0.000914121000015
190,11.0,0.000946215000013
200,11.0,0.000976799000007
210,11.0,0.00104400800001
220,11.0,0.00107572500001
230,11.0,0.001104799
240,11.0,0.001139159
250,11.0,0.00120825600001
260,11.0,0.00128113
270,11.0,0.00130454
280,11.0,0.001354003
290,11.0,0.00137779000001
300,11.0,0.0014012
310,11.0,0.00144424400001
320,11.0,0.001475961
330,11.0,0.00150767800001
340,11.0,0.00155751900001
350,11.0,0.00158092900001
360,11.0,0.00161151300001
370,11.0,0.00164360700001
380,11.0,0.00166663900001
390,11.0,0.001690049
400,11.0,0.001713459
410,11.0,0.00173686900001
420,11.0,0.00175990200001
430,11.0,0.00229153600001
440,13.0,0.00231494600001
450,13.0,0.00233911100001
460,13.0,0.00237045000002
470,13.0,0.00239423800002
480,13.0,0.00241689300002
490,13.0,0.00244898700002
500,13.0,0.00252714600002
510,13.0,0.00255810800002
520,13.0,0.00258227300002
530,13.0,0.00260757000002
540,13.0,0.00268384100002
550,13.0,0.00270951600002
560,13.0,0.00278201100001
570,13.0,0.00280542100001
580,13.0,0.00282883100002
590,13.0,0.00285224100001
600,13.0,0.00287565100001
610,13.0,0.00291454200001
620,13.0,0.00295532100002
630,15.0,0.00300289600002
640,15.0,0.00309540300002
650,15.0,0.00313127300002
660,15.0,0.00319886000001
670,15.0,0.00330496000001
680,15.0,0.00334158500001
690,15.0,0.00341068200001
700,15.0,0.00356888900001
710,15.0,0.003608912
720,15.0,0.003760699
730,15.0,0.003803743
740,15.0,0.003844522
750,15.0,0.003875861
760,15.0,0.00393740600001
770,15.0,0.00396270300001
780,15.0,0.00399517500001
790,15.0,0.004018585
800,15.0,0.00406049600001
810,15.0,0.00409032500001
820,15.0,0.004165841
830,15.0,0.004219835
840,15.0,0.004248531
850,15.0,0.004281758
860,15.0,0.004318383
870,15.0,0.00435840699999
880,15.0,0.00438106199999
890,15.0,0.004414289
900,15.0,0.00444449499999
910,15.0,0.004475079
920,15.0,0.004501132
930,15.0,0.00452492
940,15.0,0.004607233
950,15.0,0.004660094
960,15.0,0.004683127
970,15.0,0.004746938
980,16.0,0.004814903
990,16.0,0.00484510899999
1000,16.0,0.004873428
1010,16.0,0.00490363399999
1020,16.0,0.004933463
1030,16.0,0.005004448
1040,16.0,0.005026725
1050,16.0,0.005067126
1060,16.0,0.005098466
1070,16.0,0.005138489
1080,16.0,0.005183421
1090,16.0,0.005217781
1100,16.0,0.005252519
1110,16.0,0.005286124
1120,16.0,0.005346537
1130,17.0,0.00539109100001
1140,17.0,0.005432625
1150,17.0,0.005502855
1160,17.0,0.005547787
1170,17.0,0.00559271900001
1180,17.0,0.00564331500001
1190,17.0,0.00567918500001
1200,17.0,0.00571279
1210,17.0,0.005745262
1220,17.0,0.00579812300001
1230,17.0,0.005852872
1240,17.0,0.005894028
1250,17.0,0.005988045
1260,18.0,0.00602504800001
1270,18.0,0.006061673
1280,18.0,0.00611340100001
1290,18.0,0.00613794300001
1300,18.0,0.00618212000001
1310,18.0,0.006226297
1320,18.0,0.00625235
1330,18.0,0.006277648
1340,18.0,0.00630445700001
1350,18.0,0.006339572
1360,18.0,0.006465307
1370,18.0,0.006518545
1380,18.0,0.006563854
1390,20.0,0.006615205
1400,20.0,0.00664050300001
1410,20.0,0.006672597
1420,20.0,0.006704314
1430,20.0,0.006737919
1440,20.0,0.00677643300001
1450,20.0,0.006809283
1460,20.0,0.00684402
1470,20.0,0.006884421
1480,20.0,0.006908209
1490,20.0,0.006942946
1500,20.0,0.00703356500001
1510,20.0,0.00706377100001
1520,20.0,0.00710681500001
1530,20.0,0.00718610700001
1540,20.0,0.00722197700001
1550,20.0,0.007254827
1560,20.0,0.007296361
1570,20.0,0.007322036
1580,20.0,0.007346578
1590,20.0,0.007373764
1600,20.0,0.00740095
1610,20.0,0.007435688
1620,20.0,0.007461364
1630,20.0,0.007556137
1640,20.0,0.00761957
1650,20.0,0.00764939900001
1660,20.0,0.00768753400001
1670,20.0,0.00771811900001
1680,20.0,0.00778344000001
1690,20.0,0.00781326900001
1700,20.0,0.00784460800001
1710,20.0,0.00786801800001
1720,20.0,0.00790275500001
1730,20.0,0.00793787000001
1740,20.0,0.007965056
1750,20.0,0.007991864
1760,21.0,0.008014897
1770,21.0,0.00803944
1780,21.0,0.00812213
1790,21.0,0.008146295
1800,21.0,0.008255794
1810,21.0,0.00829166499999
1820,21.0,0.00831658599999
1830,21.0,0.00834075099999
1840,21.0,0.00836718099999
1850,22.0,0.00839549899999
1860,22.0,0.00841890899999
1870,22.0,0.00845553399999
1880,22.0,0.00847969899999
1890,22.0,0.00850461899999
1900,22.0,0.00854803999999
1910,22.0,0.00858202199998
1920,22.0,0.00860543199998
1930,23.0,0.00863035199998
1940,23.0,0.00867981499998
1950,23.0,0.00870397999998
1960,23.0,0.00873494199998
1970,23.0,0.00875872999998
1980,23.0,0.00891920199998
1990,23.0,0.00894752099998
2000,23.0,0.00897772699998
2010,23.0,0.00900831099998
2020,23.0,0.00903285299998
2030,23.0,0.00905739599998
2040,23.0,0.00912498299998
2050,23.0,0.00914839299998
2060,23.0,0.00917520099997
2070,25.0,0.00921220399997
2080,25.0,0.00923674699996
2090,25.0,0.00926279999996
2100,25.0,0.00928696499997
2110,25.0,0.00931037499996
2120,25.0,0.00935002099996
2130,25.0,0.00938060499996
2140,25.0,0.00941156699996
2150,25.0,0.00944139499995
2160,25.0,0.00949954299995
2170,25.0,0.00953163799996
2180,25.0,0.00956108899996
2190,25.0,0.00958714199996
2200,25.0,0.00962074699996
2210,25.0,0.00964528999996
2220,29.0,0.00967058799996
2230,29.0,0.00969475299996
2240,29.0,0.00971853999997
2250,31.0,0.00974270499997
2260,31.0,0.00976611499997
2270,31.0,0.00982765999997
2280,31.0,0.00985786599997
2290,31.0,0.00988165399997
2300,31.0,0.00991072799997
2310,31.0,0.00993640299997
2320,31.0,0.00995981299997
2330,31.0,0.00998926499997
2340,31.0,0.010205619
2350,31.0,0.010230162
2360,31.0,0.010253572
2370,31.0,0.010281513
2380,31.0,0.010306056
2390,31.0,0.010329843
2400,31.0,0.0103570289999
2410,31.0,0.0103879899999
2420,31.0,0.0104113999999
2430,31.0,0.0104514239999
2440,31.0,0.0104782329999
2450,35.0,0.0105529939999
2460,35.0,0.0105775369999
2470,35.0,0.0106126519999
2480,38.0,0.0106439919999
2490,38.0,0.0106670239999
2500,38.0,0.0107013839999
2510,38.0,0.0107247939999
2520,38.0,0.0107538679999
2530,38.0,0.0107787879999
2540,38.0,0.0108316499999
2550,38.0,0.0108796029999
2560,38.0,0.0109135859999
2570,38.0,0.0109468129999
2580,38.0,0.0109909899999
2590,38.0,0.0110355449999
2600,38.0,0.0110597099999
2610,38.0,0.0110914269999
2620,38.0,0.0111178579999
2630,38.0,0.0111416449999
2640,38.0,0.0111918639999
2650,38.0,0.0112167849999
2660,38.0,0.0112469919999
2670,38.0,0.0112692689999
2680,38.0,0.0113077819999
2690,38.0,0.0113391219999
2700,38.0,0.0113629089999
2710,40.0,0.0113934929999
2720,40.0,0.0114297409999
2730,40.0,0.0114690089999
2740,40.0,0.0114931739999
2750,40.0,0.0115169609999
2760,40.0,0.0115396159999
2770,40.0,0.0115611379999
2780,40.0,0.0115887009999
2790,40.0,0.0116351439999
2800,40.0,0.0116623299999
2810,40.0,0.0116868729999
2820,40.0,0.0117110389999
2830,40.0,0.0117472869999
2840,40.0,0.0117718299999
2850,40.0,0.0117959949999
2860,40.0,0.0119028509999
2870,40.0,0.0119255059999
2880,40.0,0.0119485389999
2890,40.0,0.0119900729999
2900,40.0,0.0120187689999
2910,40.0,0.0120731409999
2920,40.0,0.0120969289999
2930,40.0,0.0121218489999
2940,40.0,0.0121754649999
2950,40.0,0.0121996299999
2960,40.0,0.0122426739999
2970,40.0,0.0122668389999
2980,40.0,0.0122921369999
2990,40.0,0.0123264969999
3000,40.0,0.0123861539999
3010,40.0,0.0124099419999
3020,40.0,0.0124348619999
3030,40.0,0.0124930099999
3040,40.0,0.0125247269999
3050,40.0,0.0125613529999
3060,40.0,0.0125911819999
3070,40.0,0.0126984149999
3080,40.0,0.0127218259999
3090,40.0,0.0127508999999
3100,40.0,0.0127848819999
3110,40.0,0.0128090469999
3120,40.0,0.0128592659999
3130,40.0,0.0128838089999
3140,40.0,0.0129072189999
3150,40.0,0.0129313849999
3160,40.0,0.0130227589999
3170,42.0,0.0130540989999
3180,42.0,0.0130778859999
3190,42.0,0.0131012969999
3200,42.0,0.0131258399999
3210,42.0,0.0131515149999
3220,42.0,0.0131836099999
3230,42.0,0.0132413799999
3240,42.0,0.0132946189999
3250,42.0,0.0133278459999
3260,42.0,0.0133799519999
3270,42.0,0.0134033619999
3280,42.0,0.0134263949999
3290,42.0,0.0134747259999
3300,42.0,0.0135781839999
3310,42.0,0.0136582309999
3320,42.0,0.0137246849999
3330,42.0,0.0137650859999
3340,42.0,0.0138024669999
3350,42.0,0.0138262539999
3360,42.0,0.0138632569999
3370,43.0,0.0138995049999
3380,43.0,0.0139229149999
3390,43.0,0.0139478349999
3400,43.0,0.0139784189999
3410,43.0,0.0140078709999
3420,43.0,0.0140305259999
3430,43.0,0.0140546909999
3440,44.0,0.0140811219999
3450,44.0,0.0141045319999
3460,44.0,0.0141351159999
3470,44.0,0.0141766499999
3480,44.0,0.0142049679999
3490,44.0,0.0142344189999
3500,44.0,0.0142578289999
3510,45.0,0.0142831259999
3520,45.0,0.0143054029999
3530,45.0,0.0143288129999
3540,45.0,0.0143548659999
3550,45.0,0.0143831849999
3560,45.0,0.0144160349999
3570,45.0,0.0144447309999
3580,45.0,0.0144700289999
3590,45.0,0.0145006129999
3600,45.0,0.0145225129999
3610,45.0,0.0145542299999
3620,45.0,0.0145772619999
3630,45.0,0.0145999159999
3640,45.0,0.0146493789999
3650,45.0,0.0146788299999
3660,46.0,0.0147026169999
3670,46.0,0.0147418859999
3680,46.0,0.0147898389999
3690,46.0,0.0148121159999
3700,46.0,0.0148370359999
3710,46.0,0.0148642209999
3720,46.0,0.0148944269999
3730,46.0,0.0149314299999
3740,46.0,0.0149544619999
3750,46.0,0.0149771169999
3760,46.0,0.0150012819999
3770,46.0,0.0150499899999
3780,46.0,0.0150752879999
3790,46.0,0.0151070049999
3800,46.0,0.0151353229999
3810,46.0,0.0151715709999
3820,46.0,0.0152070629999
3830,46.0,0.0153120309999
3840,46.0,0.0153463909999
3850,46.0,0.0153724439999
3860,46.0,0.0153969869999
3870,46.0,0.0154283259999
3880,46.0,0.0154513589999
3890,46.0,0.0154913829999
3900,46.0,0.0155208339999
3910,51.0,0.0155442439999
3920,51.0,0.0155684089999
3930,51.0,0.0155918189999
3940,52.0,0.0156552519999
3950,52.0,0.0156839479999
3960,52.0,0.0157130219999
3970,52.0,0.0157379429999
3980,52.0,0.0158074179999
3990,52.0,0.0158312049999
4000,52.0,0.0158765149999
4010,52.0,0.0159003029999
4020,52.0,0.0159407039999
4030,52.0,0.0159848809999
4040,52.0,0.0160449169999
4050,52.0,0.0160687039999
4060,52.0,0.0160970219999
4070,52.0,0.0161204319999
4080,52.0,0.0161464849999
4090,52.0,0.0161929279999
4100,52.0,0.0162167159999
4110,52.0,0.0162397489999
4120,52.0,0.0162729759999
4130,52.0,0.0162971419999
4140,52.0,0.0163228179999
4150,52.0,0.0163454729999
4160,52.0,0.0163688829999
4170,52.0,0.0163919159999
4180,52.0,0.0164134379999
4190,52.0,0.0164368479999
4200,52.0,0.0164855559999
4210,52.0,0.0165131199999
4220,52.0,0.0165365299999
4230,52.0,0.0165939229999
4240,52.0,0.0166973799999
4250,52.0,0.0167253209999
4260,52.0,0.0167766719999
4270,52.0,0.0168091439999
4280,52.0,0.0168355739999
4290,52.0,0.0168672909999
4300,52.0,0.0168974979999
4310,52.0,0.0169243059999
4320,52.0,0.0169465829999
4330,52.0,0.0169692379999
4340,54.0,0.0169915149999
4350,54.0,0.0170462639999
4360,54.0,0.0170726949999
4370,54.0,0.0171357509999
4380,54.0,0.0171655799999
4390,54.0,0.0171950309999
4400,54.0,0.0172361869999
4410,54.0,0.0172697909999
4420,54.0,0.0172988649999
4430,54.0,0.0173385109999
4440,54.0,0.0173634319999
4450,54.0,0.0174049659999
4460,54.0,0.0174287539999
4470,54.0,0.0174521639999
4480,54.0,0.0174748189999
4490,54.0,0.0174970959999
4500,54.0,0.0175269249999
4510,54.0,0.0175525999999
4520,54.0,0.0175794079999
4530,54.0,0.0176043289999
4540,54.0,0.0176892849999
4550,54.0,0.0177111849999
4560,54.0,0.0177361059999
4570,54.0,0.0177583829999
4580,54.0,0.0177912329999
4590,54.0,0.0178161539999
4600,54.0,0.0178388089999
4610,54.0,0.0178622189999
4620,54.0,0.0178837409999
4630,55.0,0.0179158359999
4640,55.0,0.0179445319999
4650,55.0,0.0179671869999
4660,55.0,0.0180064559999
4670,55.0,0.0180374169999
4680,65.0,0.0180649809999
4690,65.0,0.0180880129999
4700,65.0,0.0181416289999
4710,65.0,0.0181710799999
4720,65.0,0.0181929799999
4730,65.0,0.0182171449999
4740,65.0,0.0182447079999
4750,65.0,0.0182843539999
4760,65.0,0.0183066319999
4770,65.0,0.0183292859999
4780,65.0,0.0183557159999
4790,65.0,0.0183802589999
4800,65.0,0.0184070669999
4810,65.0,0.0184308549999
4820,65.0,0.0184818279999
4830,65.0,0.0185048599999
4840,65.0,0.0185350659999
4850,65.0,0.0185750889999
4860,65.0,0.0186034079999
4870,65.0,0.0186498499999
4880,65.0,0.0186725049999
4890,65.0,0.0186962929999
4900,65.0,0.0187197029999
4910,65.0,0.0187585939999
4920,65.0,0.0187903109999
4930,65.0,0.0188152319999
4940,65.0,0.0188412849999
4950,65.0,0.0188733799999
4960,68.0,0.0189013209999
4970,68.0,0.0189311499999
4980,68.0,0.0189613559999
4990,68.0,0.0189851439999
5000,68.0,0.0190251669999
5010,68.0,0.0190489539999
5020,68.0,0.0192328359999
5030,68.0,0.0192543579999
5040,68.0,0.0192762579999
5050,69.0,0.0193038219999
5060,69.0,0.0193268539999
5070,69.0,0.0193544169999
5080,69.0,0.0193766949999
5090,69.0,0.0194050129999
5100,69.0,0.0194367299999
5110,69.0,0.0194673139999
5120,69.0,0.0194956319999
5130,69.0,0.0195428299999
5140,69.0,0.0195987119999
5150,69.0,0.0196477979999
5160,69.0,0.0196696979999
5170,73.0,0.0197236919999
5180,73.0,0.0197603169999
5190,73.0,0.0197825939999
5200,73.0,0.0198090249999
5210,73.0,0.0198316789999
5220,73.0,0.0198562219999
5230,74.0,0.0198822749999
5240,74.0,0.0199328709999
5250,75.0,0.0199566579999
5260,75.0,0.0200166939999
5270,75.0,0.0200419919999
5280,75.0,0.0200646469999
5290,75.0,0.0200956089999
5300,75.0,0.0201378979999
5310,75.0,0.0201624409999
5320,75.0,0.0201930249999
5330,75.0,0.0202307829999
5340,75.0,0.0202575919999
5350,77.0,0.0202866659999
5360,77.0,0.0203164939999
5370,77.0,0.0203429239999
5380,77.0,0.0203648229999
5390,77.0,0.0203916309999
5400,77.0,0.0204135309999
5410,77.0,0.0204452479999
5420,77.0,0.0204750759999
5430,77.0,0.0205354889999
5440,79.0,0.0205570109999
5450,79.0,0.0206057189999
5460,79.0,0.0206423439999
5470,79.0,0.0206657539999
5480,79.0,0.0207125739999
5490,79.0,0.0207590159999
5500,82.0,0.0207839359999
5510,82.0,0.0208141419999
5520,82.0,0.0208556759999
5530,82.0,0.0208881479999
5540,82.0,0.0209175989999
5550,82.0,0.0209493159999
5560,82.0,0.0209942479999
5570,82.0,0.0210516409999
5580,82.0,0.0211226269999
5590,85.0,0.0211445269999
5600,85.0,0.0211660489999
5610,85.0,0.0211875709999
5620,85.0,0.0212094709999
5630,85.0,0.0212423199999
5640,88.0,0.0212630869999
5650,88.0,0.0212842319999
5660,88.0,0.0213065089999
5670,90.0,0.0213457769999
5680,90.0,0.0213706979999
5690,90.0,0.0213952399999
5700,90.0,0.0214167619999
5710,90.0,0.0214405499999
5720,90.0,0.0214620719999
5730,90.0,0.0214975649999
5740,94.0,0.0215409869999
5750,94.0,0.0215625089999
5760,94.0,0.0215851639999
5770,94.0,0.0216172579999
5780,94.0,0.0216395349999
5790,94.0,0.0216901309999
5800,94.0,0.0217116529999
5810,95.0,0.0217365739999
5820,95.0,0.0218230399999
5830,95.0,0.0218441839999
5840,95.0,0.0218645739999
5850,95.0,0.0218868519999
5860,95.0,0.0219159259999
5870,95.0,0.0219370699999
5880,95.0,0.0219604799999
5890,95.0,0.0219853999999
5900,95.0,0.0220061669999
5910,95.0,0.0220265569999
5920,95.0,0.0220582739999
5930,95.0,0.0220794189999
5940,95.0,0.0221118909999
5950,95.0,0.0221353009999
5960,95.0,0.0221685279999
5970,95.0,0.0221930709999
5980,95.0,0.0222255429999
5990,95.0,0.0222463099999
6000,95.0,0.0222723629999
6010,95.0,0.0222972839999
6020,95.0,0.0223191839999
6030,95.0,0.0223761989999
6040,95.0,0.0224071599999
6050,95.0,0.0224283039999
6060,95.0,0.0224486929999
6070,98.0,0.0224724809999
6080,98.0,0.0225045749999
6090,98.0,0.0225291169999
6100,98.0,0.0225506389999
6110,98.0,0.0225868869999
6120,98.0,0.0226076539999
6130,98.0,0.0226397479999
6140,98.0,0.0226729749999
6150,98.0,0.0226956299999
6160,98.0,0.0227265909999
6170,98.0,0.0227473579999
6180,98.0,0.0227715239999
6190,98.0,0.0228145689999
6200,98.0,0.0228398669999
6210,98.0,0.0228949939999
6220,98.0,0.0229421919999
6230,98.0,0.0229841039999
6240,98.0,0.0230275249999
6250,98.0,0.0230554659999
6260,103.0,0.0230879379999
6270,103.0,0.0231136139999
6280,103.0,0.0231347589999
6290,103.0,0.0231566589999
6300,103.0,0.0232053669999
6310,103.0,0.0232510549999
6320,103.0,0.0232767309999
6330,103.0,0.0233016509999
6340,103.0,0.0233239279999
6350,103.0,0.0233458279999
6360,103.0,0.0233979339999
6370,103.0,0.0234209669999
6380,103.0,0.0234443769999
6390,103.0,0.0234651439999
6400,106.0,0.0235459459999
6410,106.0,0.0235848359999
6420,106.0,0.0236093789999
6430,106.0,0.0236342989999
6440,106.0,0.0236614849999
6450,106.0,0.0236856499999
6460,106.0,0.0237117029999
6470,106.0,0.0237339799999
6480,106.0,0.0237555019999
6490,106.0,0.0237762689999
6500,106.0,0.0237985459999
6510,106.0,0.0238385699999
6520,106.0,0.0238638679999
6530,106.0,0.0238850119999
6540,106.0,0.0239057789999
6550,106.0,0.0239348519999
6560,106.0,0.0239643029999
6570,107.0,0.0240152769999
6580,107.0,0.0240360439999
6590,107.0,0.0241655539999
6600,107.0,0.0241866979999
6610,107.0,0.0242267209999
6620,107.0,0.0242505089999
6630,107.0,0.0242716529999
6640,107.0,0.0242946859999
6650,107.0,0.0243162079999
6660,107.0,0.0243581199999
6670,110.0,0.0243800199999
6680,110.0,0.0244053179999
6690,110.0,0.0244306159999
6700,110.0,0.0244536489999
6710,110.0,0.0244993369999
6720,110.0,0.0245201039999
6730,110.0,0.0245457799999
6740,110.0,0.0245963759999
6750,110.0,0.0246239399999
6760,110.0,0.0246511259999
6770,110.0,0.0246730249999
6780,110.0,0.0247043649999
6790,111.0,0.0247281529999
6800,111.0,0.0247568489999
6810,111.0,0.0247957399999
6820,111.0,0.0248667259999
6830,115.0,0.0248973099999
6840,115.0,0.0249244949999
6850,115.0,0.0249682949999
6860,115.0,0.0250181359999
6870,115.0,0.0250475879999
6880,115.0,0.0250702429999
6890,115.0,0.0250913879999
6900,115.0,0.0251416059999
6910,115.0,0.0251661479999
6920,115.0,0.0251891799999
6930,115.0,0.0252446839999
6940,115.0,0.0252722479999
6950,115.0,0.0252952809999
6960,115.0,0.0253160479999
6970,115.0,0.0253364379999
6980,115.0,0.0253583369999
6990,115.0,0.0253806149999
7000,115.0,0.0254100659999
7010,115.0,0.0254353639999
7020,115.0,0.0254557539999
7030,115.0,0.0255131469999
7040,115.0,0.0255339139999
7050,115.0,0.0255814889999
7060,115.0,0.0256388809999
7070,115.0,0.0256626689999
7080,115.0,0.0256860789999
7090,115.0,0.0257072239999
7100,115.0,0.0257283689999
7110,115.0,0.0257495129999
7120,115.0,0.0257993539999
7130,115.0,0.0258216309999
7140,115.0,0.0258435299999
7150,115.0,0.0258820439999
7160,115.0,0.0259296189999
7170,115.0,0.0259541619999
7180,115.0,0.0259779489999
7190,115.0,0.0259987159999
7200,115.0,0.0260232589999
7210,115.0,0.0260444029999
7220,115.0,0.0260927329999
7230,115.0,0.0261146319999
7240,115.0,0.0261380419999
7250,115.0,0.0261610739999
7260,115.0,0.0262279059999
7270,115.0,0.0262490509999
7280,115.0,0.0262743489999
7290,115.0,0.0262951159999
7300,115.0,0.0263173929999
7310,115.0,0.0263445779999
7320,115.0,0.0263796929999
7330,115.0,0.0264012149999
7340,115.0,0.0264223589999
7350,115.0,0.0264438809999
7360,115.0,0.0264657809999
7370,115.0,0.0264869249999
7380,116.0,0.0265360109999
7390,116.0,0.0269792909999
7400,116.0,0.0270057209999
7410,116.0,0.0270608479999
7420,116.0,0.0270967179999
7430,116.0,0.0271359859999
7440,116.0,0.0271578859999
7450,116.0,0.0271896029999
7460,116.0,0.0272311369999
7470,116.0,0.0272609659999
7480,116.0,0.0272862629999
7490,116.0,0.0273187349999
7500,116.0,0.0273402579999
7510,116.0,0.0273776379999
7520,116.0,0.0274693899999
7530,116.0,0.0274927999999
7540,116.0,0.0275128119999
7550,116.0,0.0275377319999
7560,116.0,0.0275596309999
7570,116.0,0.0275890819999
7580,116.0,0.0276121139999
7590,116.0,0.0276332579999
7600,116.0,0.0276547799999
7610,116.0,0.0276921599999
7620,116.0,0.0277133049999
7630,116.0,0.0277427559999
7640,116.0,0.0277646559999
7650,116.0,0.0277869329999
7660,116.0,0.0278182719999
7670,116.0,0.0278439469999
7680,116.0,0.0278877469999
7690,116.0,0.0279187089999
7700,116.0,0.0279504259999
7710,116.0,0.0279719479999
7720,116.0,0.0281324199999
7730,116.0,0.0281535649999
7740,116.0,0.0284692229999
7750,116.0,0.0284971639999
7760,116.0,0.0285322789999
7770,116.0,0.0285549339999
7780,116.0,0.0285760779999
7790,116.0,0.0286096829999
7800,116.0,0.0286587689999
7810,116.0,0.0286885979999
7820,116.0,0.0287282439999
7830,116.0,0.0287535409999
7840,116.0,0.0288294349999
7850,116.0,0.0288554879999
7860,116.0,0.0288781429999
7870,116.0,0.0289238299999
7880,116.0,0.0289491279999
7890,116.0,0.0289714059999
7900,117.0,0.0290004799999
7910,117.0,0.0290242679999
7920,117.0,0.0290571169999
7930,117.0,0.0290873239999
7940,117.0,0.0291160199999
7950,117.0,0.0291635959999
7960,117.0,0.0291885159999
7970,117.0,0.0292107929999
7980,117.0,0.0292387339999
7990,117.0,0.0292583689999
8000,117.0,0.0292889529999
8010,117.0,0.0293191589999
8020,119.0,0.0293561619999
8030,119.0,0.0293829709999
8040,119.0,0.0294112889999
8050,121.0,0.0294362089999
8060,124.0,0.0294645269999
8070,124.0,0.0295113469999
8080,124.0,0.0295332469999
8090,124.0,0.0295570349999
8100,124.0,0.0295778019999
8110,124.0,0.0296291529999
8120,124.0,0.0296771049999
8130,124.0,0.0296971169999
8140,124.0,0.0297193949999
8150,124.0,0.0297556429999
8160,125.0,0.0297771649999
8170,125.0,0.0298613659999
8180,125.0,0.0298874189999
8190,125.0,0.0299202689999
8200,125.0,0.0299897439999
8210,125.0,0.0300127769999
8220,125.0,0.0300342989999
8230,125.0,0.0300569539999
8240,125.0,0.0300875379999
8250,125.0,0.0301105699999
8260,125.0,0.0301351129999
8270,125.0,0.0301547469999
8280,125.0,0.0301955259999
8290,125.0,0.0302159159999
8300,125.0,0.0302464999999
8310,125.0,0.0302695319999
8320,125.0,0.0303148409999
8330,125.0,0.0303461799999
8340,125.0,0.0303699679999
8350,125.0,0.0303907339999
8360,125.0,0.0304118779999
8370,125.0,0.0304360429999
8380,125.0,0.0304609629999
8390,125.0,0.0304900369999
8400,126.0,0.0305209989999
8410,126.0,0.0305780139999
8420,126.0,0.0305995359999
8430,126.0,0.0306289879999
8440,127.0,0.0306580619999
8450,127.0,0.0306939319999
8460,127.0,0.0307226289999
8470,127.0,0.0307483049999
8480,127.0,0.0307803999999
8490,127.0,0.0308094739999
8500,127.0,0.0308778159999
8510,127.0,0.0309083999999
8520,128.0,0.0309306769999
8530,130.0,0.0309941109999
8540,130.0,0.0310488599999
8550,130.0,0.0310907719999
8560,130.0,0.0311130489999
8570,130.0,0.0311545829999
8580,130.0,0.0311749729999
8590,130.0,0.0312048009999
8600,130.0,0.0312285879999
8610,130.0,0.0312553959999
8620,130.0,0.0313078799999
8630,131.0,0.0313539449999
8640,131.0,0.0313864169999
8650,131.0,0.0314064289999
8660,131.0,0.0314271959999
8670,131.0,0.0314506059999
8680,131.0,0.0314702399999
8690,131.0,0.0315038449999
8700,131.0,0.0315242339999
8710,131.0,0.0315487769999
8720,131.0,0.0315706769999
8730,131.0,0.0315997509999
8740,131.0,0.0316201399999
8750,131.0,0.0317628659999
8760,131.0,0.0317847659999
8770,131.0,0.0318093089999
8780,131.0,0.0318451789999
8790,131.0,0.0318682119999
8800,131.0,0.0319184309999
8810,131.0,0.0319482599999
8820,131.0,0.0320052749999
8830,131.0,0.0320271739999
8840,131.0,0.0320505839999
8850,131.0,0.0320702179999
8860,131.0,0.0320906069999
8870,131.0,0.0321121289999
8880,131.0,0.0321449789999
8890,131.0,0.0321695209999
8900,131.0,0.0321914209999
8910,131.0,0.0322144539999
8920,131.0,0.0322348439999
8930,131.0,0.0322718469999
8940,131.0,0.0322956349999
8950,131.0,0.0323148919999
8960,131.0,0.0323379239999
8970,131.0,0.0323737939999
8980,135.0,0.0323938059999
8990,135.0,0.0324141949999
9000,135.0,0.0324406259999
9010,135.0,0.0324757409999
9020,135.0,0.0325044369999
9030,139.0,0.0325259589999
9040,139.0,0.0325489909999
9050,139.0,0.0326146899999
9060,139.0,0.0326350789999
9070,139.0,0.0326547129999
9080,139.0,0.0327128609999
9090,139.0,0.0327366479999
9100,139.0,0.0327585479999
9110,139.0,0.0327815809999
9120,139.0,0.0328087669999
9130,139.0,0.0328623829999
9140,139.0,0.0328914559999
9150,139.0,0.0329156209999
9160,139.0,0.0329409189999
9170,139.0,0.0329884939999
9180,139.0,0.0330368239999
9190,139.0,0.0330904409999
9200,139.0,0.0332157979999
9210,139.0,0.0332350549999
9220,139.0,0.0332565769999
9230,139.0,0.0332807419999
9240,139.0,0.0333037739999
9250,139.0,0.0333249189999
9260,139.0,0.0333468179999
9270,139.0,0.0333894849999
9280,139.0,0.0334563169999
9290,139.0,0.0334861459999
9300,139.0,0.0335118219999
9310,139.0,0.0335352319999
9320,139.0,0.0335563769999
9330,139.0,0.0335820529999
9340,139.0,0.0336058399999
9350,139.0,0.0336303829999
9360,139.0,0.0336556809999
9370,139.0,0.0336975929999
9380,139.0,0.0337255339999
9390,139.0,0.0337489439999
9400,139.0,0.0338002949999
9410,139.0,0.0338214399999
9420,140.0,0.0338622179999
9430,140.0,0.0338848729999
9440,140.0,0.0339060179999
9450,140.0,0.0339267849999
9460,140.0,0.0339513279999
9470,140.0,0.0339717169999
9480,140.0,0.0340094749999
9490,140.0,0.0340298639999
9500,140.0,0.0340517639999
9510,140.0,0.0340993389999
9520,140.0,0.0341197279999
9530,140.0,0.0341401169999
9540,140.0,0.0341699459999
9550,140.0,0.0341933559999
9560,140.0,0.0342133679999
9570,141.0,0.0342367779999
9580,141.0,0.0342590549999
9590,141.0,0.0342794439999
9600,141.0,0.0343024759999
9610,141.0,0.0343236199999
9620,141.0,0.0343440099999
9630,141.0,0.0343640219999
9640,141.0,0.0344010249999
9650,141.0,0.0344221689999
9660,142.0,0.0344436909999
9670,142.0,0.0344754069999
9680,142.0,0.0344976839999
9690,142.0,0.0345301559999
9700,142.0,0.0345905689999
9710,142.0,0.0346139789999
9720,142.0,0.0346415419999
9730,142.0,0.0346660849999
9740,142.0,0.0346970459999
9750,142.0,0.0347193229999
9760,142.0,0.0347533049999
9770,142.0,0.0347744499999
9780,143.0,0.0347986159999
9790,143.0,0.0348280669999
9800,143.0,0.0348522319999
9810,143.0,0.0348729979999
9820,143.0,0.0349152869999
9830,143.0,0.0349409629999
9840,143.0,0.0349813639999
9850,143.0,0.0350089269999
9860,143.0,0.0350372459999
9870,143.0,0.0350583909999
9880,143.0,0.0350791579999
9890,143.0,0.0350999249999
9900,143.0,0.0351199369999
9910,143.0,0.0351558079999
9920,143.0,0.0351837489999
9930,143.0,0.0352052709999
9940,143.0,0.0352252829999
9950,143.0,0.0352479379999
9960,143.0,0.0352698379999
9970,143.0,0.0353026879999
9980,143.0,0.0353223229999
9990,143.0,0.0354533429999
10000,143.0,0.0354809059999
10010,143.0,0.0355522679999
10020,143.0,0.0355734119999
10030,143.0,0.0356013529999
10040,143.0,0.0356277839999
10050,143.0,0.0356685629999
10060,143.0,0.0356961259999
10070,143.0,0.0357251999999
10080,143.0,0.0357482329999
10090,143.0,0.0357686229999
10100,143.0,0.0358180859999
10110,143.0,0.0358396079999
10120,143.0,0.0358603749999
10130,143.0,0.0358909589999
10140,143.0,0.0359132359999
10150,143.0,0.0359370239999
10160,143.0,0.0359604339999
10170,143.0,0.0359834659999
10180,143.0,0.0360857899999
10190,144.0,0.0361114659999
10200,144.0,0.0361431819999
10210,144.0,0.0361643259999
10220,144.0,0.0361911339999
10230,144.0,0.0362145439999
10240,144.0,0.0362356889999
10250,144.0,0.0362700489999
10260,144.0,0.0362919479999
10270,144.0,0.0363138479999
10280,144.0,0.0363338599999
10290,144.0,0.0363531169999
10300,144.0,0.0364010699999
10310,144.0,0.0364293889999
10320,144.0,0.0364739429999
10330,144.0,0.0364965979999
10340,144.0,0.0365173649999
10350,144.0,0.0365392649999
10360,144.0,0.0365675829999
10370,144.0,0.0366823669999
10380,144.0,0.0367118179999
10390,144.0,0.0367322069999
10400,146.0,0.0367767609999
10410,147.0,0.0367971509999
10420,147.0,0.0368292459999
10430,147.0,0.0368605849999
10440,147.0,0.0368802189999
10450,147.0,0.0369032509999
10460,147.0,0.0369232629999
10470,149.0,0.0369530919999
10480,149.0,0.0369776349999
10490,149.0,0.0370055759999
10500,149.0,0.0370282309999
10510,149.0,0.0370505079999
10520,149.0,0.0370739179999
10530,149.0,0.0371037469999
10540,149.0,0.0371245139999
10550,149.0,0.0371452809999
10560,149.0,0.0371649149999
10570,149.0,0.0371860589999
10580,149.0,0.0372309909999
10590,149.0,0.0372577989999
10600,149.0,0.0372770559999
10610,149.0,0.0372993339999
10620,149.0,0.0373352039999
10630,149.0,0.0373555929999
10640,149.0,0.0373756049999
10650,149.0,0.0374175159999
10660,149.0,0.0374375279999
10670,149.0,0.0374681119999
10680,149.0,0.0374907669999
10690,149.0,0.0375111569999
10700,149.0,0.0375334339999
10710,149.0,0.0375613749999
10720,149.0,0.0375870509999
10730,149.0,0.0376421779999
10740,149.0,0.0376655879999
10750,149.0,0.0377214699999
10760,149.0,0.0377445019999
10770,149.0,0.0377664019999
10780,149.0,0.0377875469999
10790,149.0,0.0378162429999
10800,149.0,0.0378358769999
10810,149.0,0.0378702369999
10820,149.0,0.0378898709999
10830,149.0,0.0379121479999
10840,149.0,0.0379329139999
10850,149.0,0.0379551909999
10860,149.0,0.0379937039999
10870,149.0,0.0380280639999
10880,149.0,0.0380514739999
10890,149.0,0.0380873439999
10900,149.0,0.0381787179999
10910,149.0,0.0381994849999
10920,149.0,0.0382202519999
10930,149.0,0.0382406419999
10940,149.0,0.0382617869999
10950,151.0,0.0382855739999
10960,151.0,0.0383154029999
10970,151.0,0.0383493849999
10980,151.0,0.0384286769999
10990,151.0,0.0384970189999
11000,151.0,0.0385264699999
11010,151.0,0.0385491249999
11020,151.0,0.0385857509999
11030,151.0,0.0386129369999
11040,151.0,0.0386348369999
11050,151.0,0.0386624009999
11060,151.0,0.0386876989999
11070,151.0,0.0387107309999
11080,151.0,0.0387303659999
11090,151.0,0.0387537759999
11100,151.0,0.0387790739999
11110,151.0,0.0388013509999
11120,151.0,0.0388889499999
11130,151.0,0.0389112269999
11140,151.0,0.0389418109999
11150,152.0,0.0389659759999
11160,152.0,0.0390241239999
11170,152.0,0.0390437579999
11180,152.0,0.0390641469999
11190,152.0,0.0390868019999
11200,152.0,0.0391309789999
11210,152.0,0.0391638289999
11220,152.0,0.0391872389999
11230,154.0,0.0392227309999
11240,154.0,0.0392423649999
11250,154.0,0.0392665299999
11260,154.0,0.0392872969999
11270,154.0,0.0393076869999
11280,154.0,0.0393397809999
11290,154.0,0.0393601699999
11300,154.0,0.0393888659999
11310,154.0,0.0394092559999
11320,154.0,0.0394383299999
11330,154.0,0.0394587199999
11340,154.0,0.0394821299999
11350,154.0,0.0395425429999
11360,154.0,0.0395651979999
11370,154.0,0.0395852099999
11380,154.0,0.0396139059999
11390,154.0,0.0396520419999
11400,154.0,0.0396777169999
11410,154.0,0.0397037699999
11420,154.0,0.0397256699999
11430,154.0,0.0397524779999
11440,154.0,0.0397736219999
11450,154.0,0.0397981649999
11460,154.0,0.0398227079999
11470,155.0,0.0398453619999
11480,156.0,0.0398653739999
11490,156.0,0.0398853859999
11500,156.0,0.0399216339999
11510,156.0,0.0399631679999
11520,156.0,0.0399820469999
11530,156.0,0.0400024359999
11540,156.0,0.0400439699999
11550,156.0,0.0400636039999
11560,158.0,0.0400866359999
11570,158.0,0.0401334559999
11580,158.0,0.0401553549999
11590,158.0,0.0401761219999
11600,158.0,0.0401950009999
11610,158.0,0.0402184109999
11620,158.0,0.0402384219999
11630,158.0,0.0402591889999
11640,158.0,0.0402799559999
11650,158.0,0.0403112949999
11660,158.0,0.0403396139999
11670,158.0,0.0403592479999
11680,158.0,0.0404072009999
11690,158.0,0.0404279679999
11700,158.0,0.0404547759999
11710,158.0,0.0404796959999
11720,158.0,0.0405004629999
11730,158.0,0.0405227399999
11740,158.0,0.0405461499999
11750,158.0,0.0405733359999
11760,158.0,0.0405929699999
11770,158.0,0.0406144919999
11780,158.0,0.0406329929999
11790,158.0,0.0406564029999
11800,158.0,0.0406922729999
11810,158.0,0.0407183259999
11820,158.0,0.0407390929999
11830,158.0,0.0407591049999
11840,158.0,0.0407817599999
11850,158.0,0.0408127219999
11860,158.0,0.0408391519999
11870,158.0,0.0408621849999
11880,158.0,0.0408980549999
11890,158.0,0.0409316599999
11900,158.0,0.0409509159999
11910,158.0,0.0409916949999
11920,158.0,0.0410181259999
11930,158.0,0.0410453119999
11940,158.0,0.0410653229999
11950,158.0,0.0410917539999
11960,158.0,0.0411264909999
11970,158.0,0.0411532989999
11980,158.0,0.0411869039999
11990,158.0,0.0412129569999
12000,158.0,0.0412356119999
12010,158.0,0.0413288749999
12020,158.0,0.0413598369999
12030,158.0,0.0413798489999
12040,158.0,0.0414032589999
12050,158.0,0.0414240259999
12060,158.0,0.0414463029999
12070,158.0,0.0414663139999
12080,158.0,0.0414855699999
12090,158.0,0.0415067149999
12100,158.0,0.0415354119999
12110,158.0,0.0415659959999
12120,158.0,0.0415886509999
12130,158.0,0.0416369819999
12140,158.0,0.0416856899999
12150,158.0,0.0417064569999
12160,158.0,0.0417257129999
12170,158.0,0.0417468569999
12180,158.0,0.0417725329999
12190,158.0,0.0417959439999
12200,158.0,0.0418193539999
12210,158.0,0.0418393659999
12220,158.0,0.0418642859999
12230,158.0,0.0418869409999
12240,158.0,0.0419065759999
12250,158.0,0.0419413129999
12260,158.0,0.0419628349999
12270,158.0,0.0419824689999
12280,158.0,0.0420100319999
12290,158.0,0.0420296659999
12300,158.0,0.0420511879999
12310,158.0,0.0420881909999
12320,158.0,0.0421112229999
12330,158.0,0.0421350099999
12340,159.0,0.0421572869999
12350,159.0,0.0421795639999
12360,159.0,0.0422033509999
12370,159.0,0.0422244949999
12380,159.0,0.0422437519999
12390,159.0,0.0422656509999
12400,159.0,0.0422943469999
12410,159.0,0.0423294619999
12420,159.0,0.0423675979999
12430,159.0,0.0424015799999
12440,159.0,0.0424619929999
12450,161.0,0.0424808719999
12460,161.0,0.0425020159999
12470,161.0,0.0425393959999
12480,161.0,0.0425669589999
12490,161.0,0.0425865929999
12500,161.0,0.0426167999999
12510,161.0,0.0426356789999
12520,161.0,0.0426772129999
12530,161.0,0.0426968469999
12540,161.0,0.0427421569999
12550,161.0,0.0427734959999
12560,161.0,0.0427931299999
12570,161.0,0.0428218259999
12580,161.0,0.0428459909999
12590,161.0,0.0428814839999
12600,161.0,0.0429037609999
12610,161.0,0.0429245279999
12620,161.0,0.0429498259999
12630,161.0,0.0429755019999
12640,161.0,0.0429992899999
12650,161.0,0.0430249659999
12660,161.0,0.0430449779999
12670,161.0,0.0430668779999
12680,161.0,0.0430868889999
12690,161.0,0.0431333309999
12700,161.0,0.0431586289999
12710,161.0,0.0431790189999
12720,161.0,0.0432239509999
12730,161.0,0.0432458509999
12740,161.0,0.0432749249999
12750,161.0,0.0432998449999
12760,161.0,0.0433191019999
12770,161.0,0.0433428889999
12780,161.0,0.0433712079999
12790,161.0,0.0433912199999
12800,161.0,0.0434195379999
12810,161.0,0.0434399269999
12820,161.0,0.0434633369999
12830,161.0,0.0434825929999
12840,161.0,0.0435094019999
12850,161.0,0.0435286579999
12860,161.0,0.0435520679999
12870,161.0,0.0435751009999
12880,161.0,0.0436328709999
12890,161.0,0.0436653429999
12900,161.0,0.0436857329999
12910,161.0,0.0437064999999
12920,161.0,0.0437276439999
12930,161.0,0.0437484109999
12940,161.0,0.0437778629999
12950,161.0,0.0437982519999
12960,161.0,0.0438450719999
12970,161.0,0.0438639509999
12980,161.0,0.0438911369999
12990,161.0,0.0439251189999
13000,161.0,0.0439451309999
13010,161.0,0.0439666529999
13020,161.0,0.0440055439999
13030,161.0,0.0440357499999
13040,161.0,0.0441074909999
13050,161.0,0.0441290129999
13060,161.0,0.0441580869999
13070,161.0,0.0441784769999
13080,161.0,0.0441984889999
13090,161.0,0.0442385119999
13100,161.0,0.0442570129999
13110,161.0,0.0442770239999
13120,161.0,0.0442977909999
13130,161.0,0.0443351709999
13140,161.0,0.0443646219999
13150,162.0,0.0443846339999
13160,162.0,0.0444050239999
13170,162.0,0.0444250359999
13180,162.0,0.0444492009999
13190,162.0,0.0444677029999
13200,162.0,0.0444990419999
13210,162.0,0.0445235849999
13220,162.0,0.0445420859999
13230,162.0,0.0445624749999
13240,162.0,0.0445813539999
13250,162.0,0.0446009879999
13260,162.0,0.0446357249999
13270,162.0,0.0446746149999
13280,162.0,0.0447033109999
13290,162.0,0.0447286089999
13300,162.0,0.0447516409999
13310,162.0,0.0447716529999
13320,162.0,0.0447943079999
13330,165.0,0.0448135649999
13340,165.0,0.0448347099999
13350,165.0,0.0448558549999
13360,165.0,0.0448811529999
13370,165.0,0.0449015419999
13380,165.0,0.0449423209999
13390,165.0,0.0449755479999
13400,165.0,0.0450537079999
13410,165.0,0.0450737199999
13420,165.0,0.0450929769999
13430,165.0,0.0451141219999
13440,165.0,0.0451341329999
13450,165.0,0.0452164449999
13460,165.0,0.0452519369999
13470,165.0,0.0452757239999
13480,165.0,0.0452957359999
13490,165.0,0.0453165029999
13500,165.0,0.0453365149999
13510,165.0,0.0453806919999
13520,165.0,0.0454052349999
13530,165.0,0.0454252469999
13540,165.0,0.0454475239999
13550,165.0,0.0454679129999
13560,165.0,0.0454966089999
13570,165.0,0.0455158659999
13580,165.0,0.0455385209999
13590,165.0,0.0455585329999
13600,165.0,0.0456015769999
13610,165.0,0.0456653879999
13620,165.0,0.0456880429999
13630,165.0,0.0457072999999
13640,165.0,0.0457273119999
13650,165.0,0.0457469459999
13660,165.0,0.0457722439999
13670,165.0,0.0458066039999
13680,165.0,0.0458273709999
13690,165.0,0.0458519139999
13700,165.0,0.0458719259999
13710,165.0,0.0459111939999
13720,165.0,0.0459342259999
13730,165.0,0.0459621669999
13740,165.0,0.0459859549999
13750,165.0,0.0460214479999
13760,165.0,0.0460573179999
13770,165.0,0.0460769519999
13780,165.0,0.0460988519999
13790,165.0,0.0461301909999
13800,165.0,0.0461989099999
13810,165.0,0.0462336479999
13820,165.0,0.0462774479999
13830,165.0,0.0463035009999
13840,165.0,0.0463269109999
13850,165.0,0.0463484329999
13860,165.0,0.0463676889999
13870,165.0,0.0463982729999
13880,165.0,0.0464322559999
13890,165.0,0.0464530229999
13900,165.0,0.0464964449999
13910,165.0,0.0465927279999
13920,165.0,0.0466705089999
13930,165.0,0.0466897659999
13940,165.0,0.0467158189999
13950,165.0,0.0467384739999
13960,165.0,0.0467626399999
13970,165.0,0.0467943569999
13980,165.0,0.0468136139999
13990,166.0,0.0468358919999
14000,166.0,0.0468555259999
14010,166.0,0.0468827119999
14020,166.0,0.0469023459999
14030,166.0,0.0469514319999
14040,166.0,0.0469706889999
14050,166.0,0.0469982529999
14060,166.0,0.0470443179999
14070,166.0,0.0470677279999
14080,166.0,0.0470854739999
14090,166.0,0.0471051079999
14100,166.0,0.0471243649999
14110,166.0,0.0471462649999
14120,166.0,0.0471662769999
14130,166.0,0.0472112099999
14140,166.0,0.0472357529999
14150,166.0,0.0472799299999
14160,166.0,0.0473048509999
14170,166.0,0.0473286379999
14180,166.0,0.0473550689999
14190,166.0,0.0473754579999
14200,166.0,0.0473981129999
14210,166.0,0.0474260539999
14220,166.0,0.0474490869999
14230,166.0,0.0474683439999
14240,166.0,0.0475113879999
14250,166.0,0.0475302669999
14260,166.0,0.0476903619999
14270,166.0,0.0477092409999
14280,166.0,0.0477284979999
14290,166.0,0.0477477549999
14300,166.0,0.0477696549999
14310,166.0,0.0477889109999
14320,166.0,0.0478206279999
14330,170.0,0.0478391299999
14340,170.0,0.0478598969999
14350,170.0,0.0478821739999
14360,170.0,0.0479199319999
14370,170.0,0.0479867639999
14380,170.0,0.0480131949999
14390,170.0,0.0480720979999
14400,170.0,0.0481200509999
14410,170.0,0.0481393069999
14420,170.0,0.0481612069999
14430,170.0,0.0481808409999
14440,170.0,0.0482121799999
14450,170.0,0.0482333249999
14460,170.0,0.0482593779999
14470,170.0,0.0482793899999
14480,170.0,0.0483111059999
14490,170.0,0.0483798259999
14500,170.0,0.0483987049999
14510,170.0,0.0484172069999
14520,170.0,0.0484440149999
14530,170.0,0.0484715779999
14540,170.0,0.0484908339999
14550,170.0,0.0485127339999
14560,170.0,0.0485319909999
14570,170.0,0.0485655959999
14580,170.0,0.0485844749999
14590,171.0,0.0486056189999
14600,171.0,0.0486278959999
14610,171.0,0.0486479079999
14620,171.0,0.0486656539999
14630,171.0,0.0486883079999
14640,171.0,0.0487309739999
14650,171.0,0.0487577819999
14660,171.0,0.0487842119999
14670,171.0,0.0488189489999
14680,172.0,0.0488378289999
14690,172.0,0.0488570859999
14700,172.0,0.0488982419999
14710,172.0,0.0489178759999
14720,172.0,0.0489409089999
14730,172.0,0.0489620539999
14740,172.0,0.0489805549999
14750,172.0,0.0489986789999
14760,172.0,0.0490194459999
14770,172.0,0.0490387029999
14780,172.0,0.0490575819999
14790,172.0,0.0490794819999
14800,172.0,0.0491006269999
14810,172.0,0.0491244149999
14820,172.0,0.0491927569999
14830,172.0,0.0492120139999
14840,172.0,0.0492384439999
14850,172.0,0.0492592109999
14860,172.0,0.0492875289999
14870,172.0,0.0493124489999
14880,172.0,0.0493464309999
14890,172.0,0.0494057109999
14900,172.0,0.0494344069999
14910,172.0,0.0494536639999
14920,172.0,0.0495027489999
14930,172.0,0.0495220059999
14940,172.0,0.0495790209999
14950,172.0,0.0496035629999
14960,172.0,0.0496341469999
14970,172.0,0.0496534039999
14980,172.0,0.0496790799999
14990,172.0,0.0497100419999
15000,172.0,0.0497342079999
15010,172.0,0.0497655469999
15020,172.0,0.0498059479999
15030,172.0,0.0498308689999
15040,172.0,0.0498625859999
15050,172.0,0.0498807099999
15060,172.0,0.0499177129999
15070,172.0,0.0499448989999
15080,172.0,0.0499641549999
15090,172.0,0.0499879429999
15100,172.0,0.0500090869999
15110,172.0,0.0500815819999
15120,172.0,0.0501027259999
15130,172.0,0.0501223599999
15140,172.0,0.0501446369999
15150,172.0,0.0501805069999
15160,172.0,0.0502201529999
15170,172.0,0.0502409199999
15180,172.0,0.0502813209999
15190,172.0,0.0503107719999
15200,172.0,0.0503368259999
15210,172.0,0.0503647669999
15220,172.0,0.0503893099999
15230,172.0,0.0504172509999
15240,172.0,0.0504399059999
15250,172.0,0.0504595399999
15260,172.0,0.0504916339999
15270,172.0,0.0505112679999
15280,172.0,0.0505297699999
15290,172.0,0.0505713039999
15300,172.0,0.0506033989999
15310,172.0,0.0506573929999
15320,172.0,0.0506902419999
15330,172.0,0.0507132749999
15340,172.0,0.0520408499999
15350,172.0,0.0520623719999
15360,172.0,0.0520895579999
15370,172.0,0.0521288259999
15380,172.0,0.0521881059999
15390,172.0,0.0522062299999
15400,172.0,0.0522349269999
15410,172.0,0.0522711739999
15420,172.0,0.0523021359999
15430,172.0,0.0523270569999
15440,172.0,0.0523580189999
15450,172.0,0.0523765199999
15460,172.0,0.0524603429999
15470,172.0,0.0524897939999
15480,172.0,0.0525464309999
15490,172.0,0.0525645549999
15500,172.0,0.0525856999999
15510,172.0,0.0526045789999
15520,172.0,0.0526513989999
15530,172.0,0.0526782079999
15540,172.0,0.0526989749999
15550,172.0,0.0527242729999
15560,172.0,0.0527605209999
15570,172.0,0.0527816649999
15580,172.0,0.0528054519999
15590,172.0,0.0528288619999
15600,172.0,0.0528541599999
15610,172.0,0.0528749269999
15620,172.0,0.0528945609999
15630,172.0,0.0529262779999
15640,172.0,0.0529447789999
15650,172.0,0.0529647899999
15660,172.0,0.0529927309999
15670,172.0,0.0530112319999
15680,172.0,0.0530308659999
15690,172.0,0.0530603169999
15700,172.0,0.0530814609999
15710,172.0,0.0531509359999
15720,172.0,0.0531728359999
15730,172.0,0.0531947359999
15740,172.0,0.0532128599999
15750,172.0,0.0532343819999
15760,172.0,0.0532536379999
15770,172.0,0.0532728949999
15780,172.0,0.0533166939999
15790,172.0,0.0533389709999
15800,172.0,0.0533574729999
15810,172.0,0.0533763519999
15820,172.0,0.0533967409999
15830,172.0,0.0534163749999
15840,172.0,0.0534348769999
15850,172.0,0.0534597969999
15860,172.0,0.0534786759999
15870,172.0,0.0534983099999
15880,172.0,0.0535198319999
15890,172.0,0.0535496609999
15900,172.0,0.0535692949999
15910,174.0,0.0535877959999
15920,174.0,0.0536123379999
15930,174.0,0.0536349919999
15940,174.0,0.0536561359999
15950,174.0,0.0536931389999
15960,174.0,0.0537199469999
15970,176.0,0.0537392029999
15980,176.0,0.0537584599999
15990,176.0,0.0537796049999
16000,176.0,0.0538049029999
16010,176.0,0.0538305779999
16020,176.0,0.0538494569999
16030,176.0,0.0538755099999
16040,176.0,0.0539140229999
16050,176.0,0.0539366779999
16060,176.0,0.0540121939999
16070,176.0,0.0540348489999
16080,176.0,0.0540537279999
16090,176.0,0.0540729849999
16100,176.0,0.0540979049999
16110,176.0,0.0541175389999
16120,176.0,0.0541352859999
16130,176.0,0.0541628499999
16140,176.0,0.0541813509999
16150,176.0,0.0542028729999
16160,176.0,0.0542217519999
16170,176.0,0.0542485599999
16180,176.0,0.0542689489999
16190,176.0,0.0542878279999
16200,176.0,0.0543161459999
16210,176.0,0.0543354019999
16220,176.0,0.0543550369999
16230,176.0,0.0543890189999
16240,176.0,0.0544101639999
16250,176.0,0.0544335739999
16260,176.0,0.0544528299999
16270,176.0,0.0544732199999
16280,176.0,0.0544920989999
16290,176.0,0.0545109779999
16300,176.0,0.0545291019999
16310,176.0,0.0545506239999
16320,176.0,0.0545744119999
16330,176.0,0.0545951789999
16340,176.0,0.0546903289999
16350,176.0,0.0547114739999
16360,176.0,0.0547386599999
16370,176.0,0.0547677339999
16380,176.0,0.0547862349999
16390,176.0,0.0548054919999
16400,176.0,0.0548383409999
16410,177.0,0.0548564649999
16420,177.0,0.0548798749999
16430,177.0,0.0549032849999
16440,177.0,0.0549331139999
16450,177.0,0.0549829549999
16460,177.0,0.0550044769999
16470,177.0,0.0550501649999
16480,177.0,0.0550709319999
16490,177.0,0.0550943419999
16500,177.0,0.0551181299999
16510,177.0,0.0551449389999
16520,178.0,0.0551743899999
16530,178.0,0.0551955349999
16540,178.0,0.0552159239999
16550,178.0,0.0552574569999
16560,178.0,0.0552767139999
16570,178.0,0.0553314639999
16580,178.0,0.0553597819999
16590,178.0,0.0553816819999
16600,178.0,0.0554213279999
16610,178.0,0.0554488909999
16620,178.0,0.0554949559999
16630,178.0,0.0555266729999
16640,178.0,0.0555508379999
16650,178.0,0.0555682069999
16660,178.0,0.0555938829999
16670,178.0,0.0556237109999
16680,178.0,0.0556837459999
16690,178.0,0.0557158399999
16700,178.0,0.0557343409999
16710,178.0,0.0557532199999
16720,178.0,0.0557751189999
16730,178.0,0.0557936209999
16740,178.0,0.0558377979999
16750,178.0,0.0558559219999
16760,178.0,0.0559378569999
16770,178.0,0.0559639099999
16780,178.0,0.0559850539999
16790,178.0,0.0560054429999
16800,178.0,0.0560231889999
16810,178.0,0.0560450889999
16820,178.0,0.0560643459999
16830,178.0,0.0561047469999
16840,178.0,0.0561258919999
16850,178.0,0.0561443929999
16860,178.0,0.0561897029999
16870,178.0,0.0562078269999
16880,178.0,0.0562467179999
16890,178.0,0.0562652189999
16900,178.0,0.0562840979999
16910,178.0,0.0563358269999
16920,178.0,0.0563698089999
16930,178.0,0.0564136079999
16940,178.0,0.0564389059999
16950,178.0,0.0565299029999
16960,178.0,0.0565472719999
16970,178.0,0.0565687939999
16980,178.0,0.0565925819999
16990,178.0,0.0566148589999
17000,178.0,0.0566333599999
17010,178.0,0.0566529949999
17020,178.0,0.0566820689999
17030,183.0,0.0567084999999
17040,183.0,0.0567266239999
17050,183.0,0.0567492789999
17060,183.0,0.0567708009999
17070,183.0,0.0568429189999
17080,183.0,0.0568904939999
17090,183.0,0.0569218329998
17100,183.0,0.0569410889998
17110,183.0,0.0569607229998
17120,183.0,0.0569841329999
17130,183.0,0.0570045229999
17140,183.0,0.0570241569999
17150,183.0,0.0570464349998
17160,183.0,0.0570902349998
17170,183.0,0.0571110019998
17180,183.0,0.0571295039998
17190,183.0,0.0571480059998
17200,183.0,0.0572174809998
17210,183.0,0.0572442889998
17220,183.0,0.0572737399998
17230,183.0,0.0572975279998
17240,183.0,0.0573330199998
17250,183.0,0.0573541649998
17260,183.0,0.0573768199998
17270,183.0,0.0573945659998
17280,183.0,0.0574209969998
17290,183.0,0.0574394979998
17300,183.0,0.0574587539998
17310,183.0,0.0574836749998
17320,183.0,0.0575240759998
17330,183.0,0.0575489959998
17340,183.0,0.0576105419998
17350,183.0,0.0576290439998
17360,183.0,0.0576679349998
17370,183.0,0.0576853039998
17380,183.0,0.0577106019998
17390,183.0,0.0577317459998
17400,183.0,0.0577513799998
17410,183.0,0.0577740349998
17420,183.0,0.0578083949998
17430,183.0,0.0578310499998
17440,183.0,0.0578503069998
17450,183.0,0.0578699409998
17460,183.0,0.0578873099998
17470,183.0,0.0579069439998
17480,183.0,0.0579492329998
17490,183.0,0.0579760419998
17500,183.0,0.0580054939998
17510,183.0,0.0580247509998
17520,184.0,0.0580492939998
17530,184.0,0.0580715719998
17540,184.0,0.0580934709998
17550,185.0,0.0581244329998
17560,185.0,0.0581553949998
17570,185.0,0.0581731409998
17580,185.0,0.0581969279998
17590,185.0,0.0582248689998
17600,185.0,0.0582932109998
17610,185.0,0.0583253049998
17620,185.0,0.0583475819998
17630,185.0,0.0583657059998
17640,185.0,0.0583857179998
17650,185.0,0.0584042189998
17660,185.0,0.0584257409998
17670,185.0,0.0584525499998
17680,185.0,0.0584801139998
17690,185.0,0.0585008809998
17700,185.0,0.0585227809998
17710,186.0,0.0585439259998
17720,186.0,0.0585628049998
17730,186.0,0.0585839499998
17740,186.0,0.0586024509998
17750,186.0,0.0586281269998
17760,186.0,0.0586481389998
17770,186.0,0.0586662629998
17780,186.0,0.0586851419998
17790,186.0,0.0587070409998
17800,186.0,0.0587255419998
17810,186.0,0.0587447979998
17820,186.0,0.0587742489998
17830,187.0,0.0588086089998
17840,190.0,0.0588565609998
17850,190.0,0.0588780829998
17860,190.0,0.0589003599998
17870,190.0,0.0589192389998
17880,190.0,0.0589377409998
17890,190.0,0.0589698349998
17900,190.0,0.0590038169998
17910,190.0,0.0590393099998
17920,190.0,0.0590600769998
17930,191.0,0.0590808439998
17940,191.0,0.0591034979998
17950,192.0,0.0591219999998
17960,192.0,0.0591420119998
17970,192.0,0.0591608909998
17980,192.0,0.0591899649998
17990,192.0,0.0592243239998
18000,192.0,0.0592832269998
18010,192.0,0.0593021059998
18020,192.0,0.0593213629998
18030,192.0,0.0593481719998
18040,192.0,0.0593659189998
18050,192.0,0.0593847979998
18060,192.0,0.0594036769998
18070,192.0,0.0594221779998
18080,192.0,0.0594618239998
18090,192.0,0.0594814579998
18100,192.0,0.0594992039998
18110,192.0,0.0595173279998
18120,192.0,0.0595354509998
18130,192.0,0.0596003949997
18140,192.0,0.0596185189997
18150,192.0,0.0596389079997
18160,192.0,0.0596623179997
18170,192.0,0.0596793089997
18180,192.0,0.0596978099997
18190,192.0,0.0597159339997
18200,192.0,0.0597427419997
18210,192.0,0.0597608659997
18220,192.0,0.0597922059997
18230,192.0,0.0598129729998
18240,192.0,0.0598337399998
18250,192.0,0.0598563949998
18260,192.0,0.0598786719998
18270,192.0,0.0599232269998
18280,192.0,0.0599583419998
18290,192.0,0.0599870379998
18300,192.0,0.0600059169998
18310,192.0,0.0600323479998
18320,192.0,0.0600516049998
18330,192.0,0.0600723719998
18340,192.0,0.0601052209998
18350,192.0,0.0601550619998
18360,192.0,0.0601762059997
18370,192.0,0.0601958399997
18380,192.0,0.0602147189997
18390,192.0,0.0602366179997
18400,192.0,0.0602551199997
18410,192.0,0.0602747539997
18420,192.0,0.0602955209997
18430,192.0,0.0603234619997
18440,192.0,0.0603419629997
18450,192.0,0.0604442869997
18460,192.0,0.0604612779997
18470,192.0,0.0605096079997
18480,192.0,0.0605277319997
18490,192.0,0.0605496319997
18500,192.0,0.0605670009997
18510,192.0,0.0608362159997
18520,192.0,0.0608581149997
18530,192.0,0.0608800149997
18540,192.0,0.0609004049997
18550,192.0,0.0609200389998
18560,192.0,0.0609385399998
18570,192.0,0.0609642159998
18580,192.0,0.0609830949998
18590,192.0,0.0610129239998
18600,192.0,0.0610427529998
18610,192.0,0.0610601219998
18620,193.0,0.0610850429998
18630,193.0,0.0611160049998
18640,193.0,0.0611341279998
18650,193.0,0.0611881219998
18660,193.0,0.0612058689997
18670,193.0,0.0612364529998
18680,193.0,0.0612545769998
18690,193.0,0.0612749659998
18700,193.0,0.0613803109998
18710,193.0,0.0614007009997
18720,193.0,0.0614222229997
18730,193.0,0.0614407249997
18740,193.0,0.0614671559998
18750,193.0,0.0614860349998
18760,193.0,0.0615049139998
18770,193.0,0.0615222819998
18780,193.0,0.0615426719998
18790,193.0,0.0615743889998
18800,193.0,0.0615925129998
18810,193.0,0.0616230979998
18820,196.0,0.0616412219998
18830,196.0,0.0616627439998
18840,196.0,0.0616827559998
18850,196.0,0.0617035229998
18860,196.0,0.0617276889998
18870,196.0,0.0617454349998
18880,196.0,0.0617813049998
18890,196.0,0.0618066029998
18900,196.0,0.0618371869998
18910,196.0,0.0618621069998
18920,196.0,0.0618806079998
18930,196.0,0.0619040179998
18940,196.0,0.0619255399998
18950,196.0,0.0619444189998
18960,196.0,0.0619629199998
18970,196.0,0.0619806659998
18980,196.0,0.0620002999998
18990,196.0,0.0620188019998
19000,196.0,0.0620395689998
19010,199.0,0.0620618469998
19020,199.0,0.0620792149998
19030,199.0,0.0621150859998
19040,199.0,0.0621498239998
19050,199.0,0.0621898479998
19060,199.0,0.0622310039998
19070,199.0,0.0622529029998
19080,199.0,0.0622744249998
19090,199.0,0.0622925489998
19100,199.0,0.0623102949998
19110,199.0,0.0623484299998
19120,199.0,0.0623669309998
19130,199.0,0.0623944939998
19140,199.0,0.0624269659998
19150,199.0,0.0624469779998
19160,199.0,0.0624703879998
19170,199.0,0.0624960639998
19180,199.0,0.0625153209998
19190,199.0,0.0625406189998
19200,199.0,0.0625583649998
19210,199.0,0.0625817749998
19220,199.0,0.0626153799998
19230,199.0,0.0626338819998
19240,199.0,0.0626712629997
19250,199.0,0.0626999589998
19260,199.0,0.0627180829998
19270,199.0,0.0627528199998
19280,199.0,0.0627716989997
19290,199.0,0.0627992619997
19300,199.0,0.0628321109997
19310,199.0,0.0628725119997
19320,199.0,0.0628921469998
19330,199.0,0.0629283949998
19340,199.0,0.0629627549997
19350,199.0,0.0630091969998
19360,199.0,0.0630295869997
19370,199.0,0.0630548849998
19380,199.0,0.0630809379998
19390,199.0,0.0631028379998
19400,199.0,0.0631236049997
19410,199.0,0.0631439939997
19420,199.0,0.0631689139997
19430,199.0,0.0631972329997
19440,199.0,0.0632285719998
19450,199.0,0.0632855869998
19460,199.0,0.0633063539997
19470,199.0,0.0633577049998
19480,199.0,0.0633762069998
19490,199.0,0.0634098119998
19500,199.0,0.0634313339998
19510,199.0,0.0634630509998
19520,199.0,0.0634811749998
19530,199.0,0.0634985439998
19540,199.0,0.0635215759998
19550,199.0,0.0635468739998
19560,199.0,0.0635706609998
19570,199.0,0.0635899179998
19580,199.0,0.0636129499998
19590,199.0,0.0636314509998
19600,199.0,0.0636514629998
19610,199.0,0.0636692089998
19620,199.0,0.0636926189998
19630,199.0,0.0637107429998
19640,199.0,0.0637522769998
19650,199.0,0.0637719109998
19660,199.0,0.0637900349998
19670,199.0,0.0638519579998
19680,199.0,0.0638708369998
19690,199.0,0.0638912269998
19700,199.0,0.0639119939998
19710,199.0,0.0639350259998
19720,199.0,0.0639573039998
19730,199.0,0.0639758059998
19740,199.0,0.0639939299998
19750,199.0,0.0640124309998
19760,199.0,0.0640316879998
19770,199.0,0.0640498119998
19780,199.0,0.0640728449997
19790,199.0,0.0640973879997
19800,199.0,0.0641230639997
19810,199.0,0.0641687509997
19820,199.0,0.0641868749997
19830,199.0,0.0642246329997
19840,199.0,0.0642487979997
19850,199.0,0.0642710759997
19860,199.0,0.0642963739997
19870,199.0,0.0643269579997
19880,199.0,0.0643507459997
19890,199.0,0.0644077599997
19900,199.0,0.0644345679997
19910,199.0,0.0644821429998
19920,199.0,0.0645021549998
19930,199.0,0.0645199009997
19940,199.0,0.0645542609997
19950,200.0,0.0645965499997
19960,200.0,0.0646377059998
19970,200.0,0.0646554519998
19980,200.0,0.0646735759998
19990,200.0,0.0646992519998
